BEGIN TRANSACTION;
CREATE TABLE IF NOT EXISTS "Customers" (
	"Id"	INTEGER NOT NULL UNIQUE,
	"FirstName"	TEXT NOT NULL,
	"LastName"	TEXT NOT NULL,
	"Address"	TEXT NOT NULL,
	"AnnualSalary"	NUMERIC NOT NULL,
	"Age"	INTEGER NOT NULL,
	PRIMARY KEY("Id" AUTOINCREMENT)
);
CREATE TABLE IF NOT EXISTS "Accounts" (
	"Id"	INTEGER NOT NULL UNIQUE,
	"Balance"	NUMERIC NOT NULL,
	"PinHash"	TEXT NOT NULL,
	"IsFrozen"	INTEGER NOT NULL,
	"CreditCardId"	INTEGER,
	"CustomerId"	INTEGER,
	PRIMARY KEY("Id" AUTOINCREMENT),
	FOREIGN KEY("CreditCardId") REFERENCES "CreditCards"("Id"),
	FOREIGN KEY("CustomerId") REFERENCES "Customers"("Id")
);
CREATE TABLE IF NOT EXISTS "SimpleDeposits" (
	"AccountId"	INTEGER NOT NULL,
	FOREIGN KEY("AccountId") REFERENCES "Accounts"("Id")
);
CREATE TABLE IF NOT EXISTS "LongTermDeposits" (
	"AccountId"	INTEGER NOT NULL,
	FOREIGN KEY("AccountId") REFERENCES "Accounts"("Id")
);
CREATE TABLE IF NOT EXISTS "PhysicalCards" (
	"Id"	INTEGER NOT NULL UNIQUE,
	"CardNumber"	TEXT NOT NULL,
	PRIMARY KEY("Id" AUTOINCREMENT)
);
CREATE TABLE IF NOT EXISTS "WithdrawDeposits" (
	"TransactionId"	INTEGER NOT NULL,
	"IsWithdrawn"	INTEGER NOT NULL,
	FOREIGN KEY("TransactionId") REFERENCES "Transactions"("Id")
);
CREATE TABLE IF NOT EXISTS "Transactions" (
	"Id"	INTEGER NOT NULL UNIQUE,
	"DateCreated"	TEXT NOT NULL,
	"Amount"	REAL NOT NULL,
	"AccountId"	INTEGER,
	PRIMARY KEY("Id" AUTOINCREMENT),
	FOREIGN KEY("AccountId") REFERENCES "Accounts"("Id")
);
CREATE TABLE IF NOT EXISTS "Transfers" (
	"TransactionId"	INTEGER NOT NULL,
	"IsRecieved"	INTEGER NOT NULL,
	"AccountOtherId"	INTEGER NOT NULL,
	FOREIGN KEY("AccountOtherId") REFERENCES "Accounts"("Id"),
	FOREIGN KEY("TransactionId") REFERENCES "Transactions"("Id")
);
CREATE TABLE IF NOT EXISTS "SpecialCustomers" (
	"CustomerId"	INTEGER NOT NULL,
	"OverdraftPercentage"	REAL NOT NULL,
	FOREIGN KEY("CustomerId") REFERENCES "Customers"("Id")
);
CREATE TABLE IF NOT EXISTS "Currents" (
	"AccountId"	INTEGER NOT NULL,
	FOREIGN KEY("AccountId") REFERENCES "Accounts"("Id")
);
CREATE TABLE IF NOT EXISTS "CreditCards" (
	"Id"	INTEGER NOT NULL UNIQUE,
	"CardNumberHash"	TEXT NOT NULL,
	"CreationDate"	TEXT NOT NULL,
	"ExpireDate"	TEXT NOT NULL,
	"CVV"	TEXT NOT NULL,
	"IsSwallowed"	INTEGER NOT NULL,
	PRIMARY KEY("Id" AUTOINCREMENT)
);
INSERT INTO "Customers" VALUES (1,'firstname','lastname','fake address 42',56570,48);
INSERT INTO "Customers" VALUES (2,'firstname','lastname','fake address 5',48537,37);
INSERT INTO "Customers" VALUES (3,'firstname','lastname','fake address 38',30950,28);
INSERT INTO "Customers" VALUES (4,'firstname','lastname','fake address 92',52087,34);
INSERT INTO "Customers" VALUES (5,'firstname','lastname','fake address 50',48083,22);
INSERT INTO "Customers" VALUES (6,'firstname','lastname','fake address 23',13091,59);
INSERT INTO "Customers" VALUES (7,'firstname','lastname','fake address 28',33813,52);
INSERT INTO "Customers" VALUES (8,'firstname','lastname','fake address 69',17691,45);
INSERT INTO "Customers" VALUES (9,'firstname','lastname','fake address 52',33120,69);
INSERT INTO "Customers" VALUES (10,'firstname','lastname','fake address 28',27216,65);
INSERT INTO "Customers" VALUES (11,'firstname','lastname','fake address 14',17888,49);
INSERT INTO "Customers" VALUES (12,'firstname','lastname','fake address 7',32772,67);
INSERT INTO "Customers" VALUES (13,'firstname','lastname','fake address 39',47414,47);
INSERT INTO "Customers" VALUES (14,'firstname','lastname','fake address 51',25364,60);
INSERT INTO "Customers" VALUES (15,'firstname','lastname','fake address 62',27978,37);
INSERT INTO "Customers" VALUES (16,'firstname','lastname','fake address 68',23552,38);
INSERT INTO "Customers" VALUES (17,'firstname','lastname','fake address 10',39704,47);
INSERT INTO "Customers" VALUES (18,'firstname','lastname','fake address 51',50687,60);
INSERT INTO "Customers" VALUES (19,'firstname','lastname','fake address 68',50099,65);
INSERT INTO "Customers" VALUES (20,'firstname','lastname','fake address 83',43075,46);
INSERT INTO "Customers" VALUES (21,'firstname','lastname','fake address 37',26260,47);
INSERT INTO "Customers" VALUES (22,'firstname','lastname','fake address 80',27768,44);
INSERT INTO "Customers" VALUES (23,'firstname','lastname','fake address 41',57415,44);
INSERT INTO "Customers" VALUES (24,'firstname','lastname','fake address 19',51757,30);
INSERT INTO "Customers" VALUES (25,'firstname','lastname','fake address 26',20593,60);
INSERT INTO "Customers" VALUES (26,'firstname','lastname','fake address 55',57842,53);
INSERT INTO "Customers" VALUES (27,'firstname','lastname','fake address 12',55607,35);
INSERT INTO "Customers" VALUES (28,'firstname','lastname','fake address 14',52670,26);
INSERT INTO "Customers" VALUES (29,'firstname','lastname','fake address 64',24615,40);
INSERT INTO "Customers" VALUES (30,'firstname','lastname','fake address 73',11466,63);
INSERT INTO "Customers" VALUES (31,'firstname','lastname','fake address 57',31693,68);
INSERT INTO "Customers" VALUES (32,'firstname','lastname','fake address 38',30717,57);
INSERT INTO "Customers" VALUES (33,'firstname','lastname','fake address 38',53378,19);
INSERT INTO "Customers" VALUES (34,'firstname','lastname','fake address 46',56737,24);
INSERT INTO "Customers" VALUES (35,'firstname','lastname','fake address 57',14965,56);
INSERT INTO "Customers" VALUES (36,'firstname','lastname','fake address 22',18756,65);
INSERT INTO "Customers" VALUES (37,'firstname','lastname','fake address 1',22055,61);
INSERT INTO "Customers" VALUES (38,'firstname','lastname','fake address 89',28779,44);
INSERT INTO "Customers" VALUES (39,'firstname','lastname','fake address 61',56678,51);
INSERT INTO "Customers" VALUES (40,'firstname','lastname','fake address 96',47024,35);
INSERT INTO "Customers" VALUES (41,'firstname','lastname','fake address 83',46520,43);
INSERT INTO "Customers" VALUES (42,'firstname','lastname','fake address 40',18323,55);
INSERT INTO "Customers" VALUES (43,'firstname','lastname','fake address 12',24763,55);
INSERT INTO "Customers" VALUES (44,'firstname','lastname','fake address 21',49227,48);
INSERT INTO "Customers" VALUES (45,'firstname','lastname','fake address 73',17618,37);
INSERT INTO "Customers" VALUES (46,'firstname','lastname','fake address 3',24314,21);
INSERT INTO "Customers" VALUES (47,'firstname','lastname','fake address 42',17062,54);
INSERT INTO "Customers" VALUES (48,'firstname','lastname','fake address 86',24394,33);
INSERT INTO "Customers" VALUES (49,'firstname','lastname','fake address 65',50531,30);
INSERT INTO "Customers" VALUES (50,'firstname','lastname','fake address 80',23774,26);
INSERT INTO "Accounts" VALUES (1,95801,'f995661f2a2afa322a1e6821227f0f486a8c637f588918a58e14ca55722dcd94',0,1,1);
INSERT INTO "Accounts" VALUES (2,24096,'36f9a4c00c335bd50c175699d5b79b580205e9a0100ceb95bbbc56d4ee3b5dd1',0,2,2);
INSERT INTO "Accounts" VALUES (3,31281,'824bd8704dd8ed22c38ff1d7f04d4c60464bc559a59e661961afd9db42c53239',0,3,3);
INSERT INTO "Accounts" VALUES (4,24826,'c8bcad7f2864e0f66e4f8441c5547e899da3efcc43256c4be51280bb072cb018',0,4,4);
INSERT INTO "Accounts" VALUES (5,30019,'ade25c4b4274ba147ea79b17d8cea5240062968dd25483fc9b76b679eda7a72c',0,5,5);
INSERT INTO "Accounts" VALUES (6,91617,'b35d537a9944098b67370db7598b5110b9776ec78ec8a354e1d9f0d53d86c885',0,6,6);
INSERT INTO "Accounts" VALUES (7,22696,'737b826f43634abf966acb3507b3d9ac33f88298cb57a255451747b250bbb2ae',0,7,7);
INSERT INTO "Accounts" VALUES (8,47986,'c30d2c58c630f9e4e5a303cfe36cf2d7fd66a1189a5e45daba5a62fc65902580',0,8,8);
INSERT INTO "Accounts" VALUES (9,7064,'de73808acd3e6c4cd3841aded8e517f642ee53d20d7fa159674bc4cbbc7e41a3',0,9,9);
INSERT INTO "Accounts" VALUES (10,72398,'821a317ba65d56d7ce4cd6124178f8a5497214a8383d4f6346736c3075d03194',0,10,10);
INSERT INTO "Accounts" VALUES (11,7384,'3bd62f7f9ccb2821f5330bd3a68629ed8b8a1a19370adf7d74636e76a698d430',0,11,11);
INSERT INTO "Accounts" VALUES (12,22391,'c47e82e01e20ad22f816159eb3c3c048308ffca5b116cfc0c9aaaf012ee5b729',0,12,12);
INSERT INTO "Accounts" VALUES (13,57458,'fdb99f39ebd2bfb4bc25e776a8ae63c674dc1a35570ea37d836f2a4841ec886c',0,13,13);
INSERT INTO "Accounts" VALUES (14,783,'4d872d8aa28a42bc54bb96a291a19132a0099181095abb5888084845b87bfae6',0,14,14);
INSERT INTO "Accounts" VALUES (15,3442,'4d0c876fd1af1b91b9f3430fcee747e50287ab993190200e22035823e89e5772',0,15,15);
INSERT INTO "Accounts" VALUES (16,25906,'1f3b8e69941641383b83d90d3091f7e22d81fce357635f457ce47a98bde3bdb6',0,16,16);
INSERT INTO "Accounts" VALUES (17,12000,'c3aba2c5aaffce50be3662ad24ec9694498884a348fe759e98cd1406b1904e82',0,17,17);
INSERT INTO "Accounts" VALUES (18,44410,'ec34d6f17350fb4b6b07d9d4aa7cb67d918d81dfd2d0a63a45264ababb8b0ff7',0,18,18);
INSERT INTO "Accounts" VALUES (19,15940,'db3ce696964d3f1a802772d5133b59c5a54b445241c5efae6a2e6cef5b6dd4e4',0,19,19);
INSERT INTO "Accounts" VALUES (20,75315,'a4ff3ad278c7b0575a8e32ae08eebfb327e37762cb1a2caa793c431b9b2ca2c6',0,20,20);
INSERT INTO "Accounts" VALUES (21,34805,'ec2b1d10856c6f96729fda6015079743c48a56b93b71974549ad98c8e478f652',0,21,21);
INSERT INTO "Accounts" VALUES (22,35178,'8ba36ede1aa545ad0134565edcd06b59293e6ecc8e86eccffab5f6ee4ef90f23',0,22,22);
INSERT INTO "Accounts" VALUES (23,21930,'3472adbbcb9677d1b45365d37d96d1c33217d745567577fd9bd5c2766a258320',0,23,23);
INSERT INTO "Accounts" VALUES (24,91340,'5ca78d60306335e9cdf1efa886dd54cb3d06100d29c1099f11c1389e15ca0816',0,24,24);
INSERT INTO "Accounts" VALUES (25,23192,'17fae00890040633e6ec5ed76232c4b15768e2ff33d6fe5a8c2513fd9b0c7b27',0,25,25);
INSERT INTO "Accounts" VALUES (26,443,'d5a7049e8dcd27379b35534079eae26befcaa236f50e7377c3b424c23b0affa6',0,26,26);
INSERT INTO "Accounts" VALUES (27,57521,'9e390d63ef52e8b1e4ba0f047a2a10a61aaf76a22b8df751a8b9b65a3bad9ce0',0,27,27);
INSERT INTO "Accounts" VALUES (28,49728,'4321a844ee760ee6ca5575a7c16c34d2a40ec1b3d76003681b8a3848dc1f4cc5',0,28,28);
INSERT INTO "Accounts" VALUES (29,6905,'6f35a935facaecb7d5ddbb2bcd2b97320122ffaaad37f98ff39f050312bbfb66',0,29,29);
INSERT INTO "Accounts" VALUES (30,77607,'408af69c6a8b545827b22aa32f4c6657ffa6ec5f3b078ee16c181ed4ff7e2c79',0,30,30);
INSERT INTO "Accounts" VALUES (31,71309,'6db44caad5c968a5ec334024daa615d29998fa79f82797cc12141871d0ffbd7b',0,31,31);
INSERT INTO "Accounts" VALUES (32,47646,'52a5b8e806e0da9395ce71bf743bdaa8c5e14091f4a2382de55dfbc82e0d8d50',0,32,32);
INSERT INTO "Accounts" VALUES (33,88231,'c49eb5e7bb09a8e471441ed78fa006cbb96c24b221b12523d8ac63ecef1d81b0',0,33,33);
INSERT INTO "Accounts" VALUES (34,50135,'b5866a9c2c792af98bd521d4af16c6759481fc397e151609a45b77b48ac8cd2e',0,34,34);
INSERT INTO "Accounts" VALUES (35,86234,'954f95d35f507b3ad2f9263fedd7612d76fe099b5c06b440c45da24f8c92786f',0,35,35);
INSERT INTO "Accounts" VALUES (36,46262,'67bf76baa415c1861d4453d4e46e61e071f8bf29802c6730ef4830d8775ba871',0,36,36);
INSERT INTO "Accounts" VALUES (37,10634,'8c9eda5bb5b3cc9e59a1a08e2ff9dba0ec84f1372f45056454e4ef18bc799263',0,37,37);
INSERT INTO "Accounts" VALUES (38,84556,'158f3b1a355d5f64c77a37e81e48dc47b2f2c4d534422c00e28b54af25c4d622',0,38,38);
INSERT INTO "Accounts" VALUES (39,87516,'bbdb3710fa2210bd9cf780b30c346fb34b5f2671ac0ec6543eaa93ab671f6d73',0,39,39);
INSERT INTO "Accounts" VALUES (40,35012,'6028e2a87c5080933ca436888c9d26630d7f34146c814e5d9b16c8dc21c5e223',0,40,40);
INSERT INTO "Accounts" VALUES (41,99333,'66ba11c8b57047bc31dcba9dde802fb5f9d55940b0d98e692d4b47f6eead97ad',0,41,41);
INSERT INTO "Accounts" VALUES (42,2924,'6041bbb08b7aafc4ae3f88d84e8aa3bb9d91a3104fc4501e0c87f75be701cbfb',0,42,42);
INSERT INTO "Accounts" VALUES (43,30494,'ecf9f7d6812e6b6dbd2b5a6a998d91cb6ed36d9ce8ea508661c5589ea4011dbd',0,43,43);
INSERT INTO "Accounts" VALUES (44,468,'cab6ba48ec352b7fd01e80fd7f384fe645731b21df8d674c888509b17161baad',0,44,44);
INSERT INTO "Accounts" VALUES (45,96673,'544cc7394fc5740845623e4d69cceb5741efb23fd492812562704767efff38df',0,45,45);
INSERT INTO "Accounts" VALUES (46,63613,'75d2cd652645a8e2c89779c43baf9074b2ed6dead54f766b0aff79476fe86761',0,46,46);
INSERT INTO "Accounts" VALUES (47,59955,'238f12f53f02e14ae4ee8a929f4fecc09390e03fa17e66edda594b04d9122678',0,47,47);
INSERT INTO "Accounts" VALUES (48,63418,'593543ef557c79fc676ce344e7bf8a3e70c41136766d9371ef9f628906753002',0,48,48);
INSERT INTO "Accounts" VALUES (49,78780,'dd04e297c97e6da5bda48e6b6d9b25c9c945ae82e86fcd5ec790315ba4926b73',0,49,49);
INSERT INTO "Accounts" VALUES (50,70110,'6881f2b0b609698418e043658483690b2999ca7a334a20d005bf5d4523c03252',0,50,50);
INSERT INTO "SimpleDeposits" VALUES (2);
INSERT INTO "SimpleDeposits" VALUES (4);
INSERT INTO "SimpleDeposits" VALUES (7);
INSERT INTO "SimpleDeposits" VALUES (10);
INSERT INTO "SimpleDeposits" VALUES (18);
INSERT INTO "SimpleDeposits" VALUES (20);
INSERT INTO "SimpleDeposits" VALUES (21);
INSERT INTO "SimpleDeposits" VALUES (22);
INSERT INTO "SimpleDeposits" VALUES (26);
INSERT INTO "SimpleDeposits" VALUES (31);
INSERT INTO "SimpleDeposits" VALUES (34);
INSERT INTO "SimpleDeposits" VALUES (38);
INSERT INTO "SimpleDeposits" VALUES (42);
INSERT INTO "SimpleDeposits" VALUES (45);
INSERT INTO "SimpleDeposits" VALUES (46);
INSERT INTO "SimpleDeposits" VALUES (47);
INSERT INTO "SimpleDeposits" VALUES (49);
INSERT INTO "SimpleDeposits" VALUES (50);
INSERT INTO "LongTermDeposits" VALUES (3);
INSERT INTO "LongTermDeposits" VALUES (6);
INSERT INTO "LongTermDeposits" VALUES (8);
INSERT INTO "LongTermDeposits" VALUES (11);
INSERT INTO "LongTermDeposits" VALUES (16);
INSERT INTO "LongTermDeposits" VALUES (23);
INSERT INTO "LongTermDeposits" VALUES (24);
INSERT INTO "LongTermDeposits" VALUES (27);
INSERT INTO "LongTermDeposits" VALUES (28);
INSERT INTO "LongTermDeposits" VALUES (29);
INSERT INTO "LongTermDeposits" VALUES (33);
INSERT INTO "LongTermDeposits" VALUES (35);
INSERT INTO "LongTermDeposits" VALUES (36);
INSERT INTO "LongTermDeposits" VALUES (39);
INSERT INTO "LongTermDeposits" VALUES (48);
INSERT INTO "PhysicalCards" VALUES (1,'8561888446555518');
INSERT INTO "PhysicalCards" VALUES (2,'8280601675887586');
INSERT INTO "PhysicalCards" VALUES (3,'7215642210070151');
INSERT INTO "PhysicalCards" VALUES (4,'1584228880156813');
INSERT INTO "PhysicalCards" VALUES (5,'3153167731474663');
INSERT INTO "PhysicalCards" VALUES (6,'4821582641343826');
INSERT INTO "PhysicalCards" VALUES (7,'8745135872240264');
INSERT INTO "PhysicalCards" VALUES (8,'7348771073734703');
INSERT INTO "PhysicalCards" VALUES (9,'4883111481410633');
INSERT INTO "PhysicalCards" VALUES (10,'8478475263570338');
INSERT INTO "PhysicalCards" VALUES (11,'7331117251217675');
INSERT INTO "PhysicalCards" VALUES (12,'5776830053507752');
INSERT INTO "PhysicalCards" VALUES (13,'4672676576233240');
INSERT INTO "PhysicalCards" VALUES (14,'8678167143430016');
INSERT INTO "PhysicalCards" VALUES (15,'3463710824878675');
INSERT INTO "PhysicalCards" VALUES (16,'1671342783315188');
INSERT INTO "PhysicalCards" VALUES (17,'7358458082403718');
INSERT INTO "PhysicalCards" VALUES (18,'6827414685778330');
INSERT INTO "PhysicalCards" VALUES (19,'7633455187410671');
INSERT INTO "PhysicalCards" VALUES (20,'4333207000336040');
INSERT INTO "PhysicalCards" VALUES (21,'3520555575751455');
INSERT INTO "PhysicalCards" VALUES (22,'8888560458107680');
INSERT INTO "PhysicalCards" VALUES (23,'7678124608615106');
INSERT INTO "PhysicalCards" VALUES (24,'7785372180887471');
INSERT INTO "PhysicalCards" VALUES (25,'5344065048263012');
INSERT INTO "PhysicalCards" VALUES (26,'4504223384604812');
INSERT INTO "PhysicalCards" VALUES (27,'2475616744410070');
INSERT INTO "PhysicalCards" VALUES (28,'2836563075780507');
INSERT INTO "PhysicalCards" VALUES (29,'4527505876374338');
INSERT INTO "PhysicalCards" VALUES (30,'1566123114572523');
INSERT INTO "PhysicalCards" VALUES (31,'4664163542356330');
INSERT INTO "PhysicalCards" VALUES (32,'2865027616277141');
INSERT INTO "PhysicalCards" VALUES (33,'1441782784774612');
INSERT INTO "PhysicalCards" VALUES (34,'2521213375030318');
INSERT INTO "PhysicalCards" VALUES (35,'7825266885201621');
INSERT INTO "PhysicalCards" VALUES (36,'4754367244166146');
INSERT INTO "PhysicalCards" VALUES (37,'1022140275213300');
INSERT INTO "PhysicalCards" VALUES (38,'4431323080418711');
INSERT INTO "PhysicalCards" VALUES (39,'4156782572075181');
INSERT INTO "PhysicalCards" VALUES (40,'2586531235861843');
INSERT INTO "PhysicalCards" VALUES (41,'2051586111524838');
INSERT INTO "PhysicalCards" VALUES (42,'7780413560224246');
INSERT INTO "PhysicalCards" VALUES (43,'8187138044821738');
INSERT INTO "PhysicalCards" VALUES (44,'0638788446484823');
INSERT INTO "PhysicalCards" VALUES (45,'0373066280625432');
INSERT INTO "PhysicalCards" VALUES (46,'6852335010048330');
INSERT INTO "PhysicalCards" VALUES (47,'8723818226767120');
INSERT INTO "PhysicalCards" VALUES (48,'0244234682225210');
INSERT INTO "PhysicalCards" VALUES (49,'3842267543534761');
INSERT INTO "PhysicalCards" VALUES (50,'2114786150532305');
INSERT INTO "WithdrawDeposits" VALUES (1,1);
INSERT INTO "WithdrawDeposits" VALUES (2,0);
INSERT INTO "WithdrawDeposits" VALUES (5,1);
INSERT INTO "WithdrawDeposits" VALUES (6,1);
INSERT INTO "WithdrawDeposits" VALUES (7,0);
INSERT INTO "Transactions" VALUES (1,'02/11/2022 10:46:52',50.0,7);
INSERT INTO "Transactions" VALUES (2,'02/11/2022 10:47:11',90.0,7);
INSERT INTO "Transactions" VALUES (3,'02/11/2022 10:47:59',35.0,7);
INSERT INTO "Transactions" VALUES (4,'02/11/2022 10:47:59',35.0,4);
INSERT INTO "Transactions" VALUES (5,'02/11/2022 11:57:23',1212.0,1);
INSERT INTO "Transactions" VALUES (6,'02/11/2022 12:23:33',1212.0,1);
INSERT INTO "Transactions" VALUES (7,'02/11/2022 12:23:37',121.0,1);
INSERT INTO "Transactions" VALUES (8,'02/11/2022 12:24:04',23.0,1);
INSERT INTO "Transactions" VALUES (9,'02/11/2022 12:24:04',23.0,12);
INSERT INTO "Transfers" VALUES (3,0,4);
INSERT INTO "Transfers" VALUES (4,1,7);
INSERT INTO "Transfers" VALUES (8,0,12);
INSERT INTO "Transfers" VALUES (9,1,1);
INSERT INTO "SpecialCustomers" VALUES (1,0.1);
INSERT INTO "SpecialCustomers" VALUES (2,0.1);
INSERT INTO "SpecialCustomers" VALUES (3,0.1);
INSERT INTO "SpecialCustomers" VALUES (4,0.1);
INSERT INTO "SpecialCustomers" VALUES (5,0.1);
INSERT INTO "SpecialCustomers" VALUES (7,0.1);
INSERT INTO "SpecialCustomers" VALUES (9,0.1);
INSERT INTO "SpecialCustomers" VALUES (12,0.1);
INSERT INTO "SpecialCustomers" VALUES (13,0.1);
INSERT INTO "SpecialCustomers" VALUES (17,0.1);
INSERT INTO "SpecialCustomers" VALUES (18,0.1);
INSERT INTO "SpecialCustomers" VALUES (19,0.1);
INSERT INTO "SpecialCustomers" VALUES (20,0.1);
INSERT INTO "SpecialCustomers" VALUES (23,0.1);
INSERT INTO "SpecialCustomers" VALUES (24,0.1);
INSERT INTO "SpecialCustomers" VALUES (26,0.1);
INSERT INTO "SpecialCustomers" VALUES (27,0.1);
INSERT INTO "SpecialCustomers" VALUES (28,0.1);
INSERT INTO "SpecialCustomers" VALUES (31,0.1);
INSERT INTO "SpecialCustomers" VALUES (32,0.1);
INSERT INTO "SpecialCustomers" VALUES (33,0.1);
INSERT INTO "SpecialCustomers" VALUES (34,0.1);
INSERT INTO "SpecialCustomers" VALUES (39,0.1);
INSERT INTO "SpecialCustomers" VALUES (40,0.1);
INSERT INTO "SpecialCustomers" VALUES (41,0.1);
INSERT INTO "SpecialCustomers" VALUES (44,0.1);
INSERT INTO "SpecialCustomers" VALUES (49,0.1);
INSERT INTO "Currents" VALUES (1);
INSERT INTO "Currents" VALUES (5);
INSERT INTO "Currents" VALUES (9);
INSERT INTO "Currents" VALUES (12);
INSERT INTO "Currents" VALUES (13);
INSERT INTO "Currents" VALUES (14);
INSERT INTO "Currents" VALUES (15);
INSERT INTO "Currents" VALUES (17);
INSERT INTO "Currents" VALUES (19);
INSERT INTO "Currents" VALUES (25);
INSERT INTO "Currents" VALUES (30);
INSERT INTO "Currents" VALUES (32);
INSERT INTO "Currents" VALUES (37);
INSERT INTO "Currents" VALUES (40);
INSERT INTO "Currents" VALUES (41);
INSERT INTO "Currents" VALUES (43);
INSERT INTO "Currents" VALUES (44);
INSERT INTO "CreditCards" VALUES (1,'ce81d6799d17e93e025c27ed92918f0658baaeebf56f27d498fac81f140686f6','02/11/2022 10:43:52','02/11/2027 10:43:52','1717',1);
INSERT INTO "CreditCards" VALUES (2,'f3efc148974a5920c177a690d51b2e313c7440c7d5467f63a0d3fcfaf0ec96d1','02/11/2022 10:43:52','02/11/2027 10:43:52','4340',0);
INSERT INTO "CreditCards" VALUES (3,'dbd1e689514d2b40f1a3b94aebd56b931ba712d344ba3d5c5ab0add63f74bab0','02/11/2022 10:43:52','02/11/2027 10:43:52','4435',0);
INSERT INTO "CreditCards" VALUES (4,'5d18076e419f02552aeaf17f2e0f5c0581ff3dd253f2a9f2fcd800a05467613b','02/11/2022 10:43:53','02/11/2027 10:43:53','1027',1);
INSERT INTO "CreditCards" VALUES (5,'a3dcd82a953035843efe4e553cce2ae8e7e4bfa0998fb763bda439e358960f5c','02/11/2022 10:43:53','02/11/2027 10:43:53','6738',0);
INSERT INTO "CreditCards" VALUES (6,'7a378e286a84ff423f3ee7e721ae942c5cd35f5f6a8ac2e4b98660a4dca2d04c','02/11/2022 10:43:53','02/11/2027 10:43:53','5680',0);
INSERT INTO "CreditCards" VALUES (7,'6475e2f35c1d2fa9366616f2bfffbc5b23225169173c220fd235a0c830ecc3be','02/11/2022 10:43:53','02/11/2027 10:43:53','0034',0);
INSERT INTO "CreditCards" VALUES (8,'4127b58476fa3cfe96e3953767914bc7c909f59bbf22f6b00effde7f7fd62cab','02/11/2022 10:43:53','02/11/2027 10:43:53','4566',0);
INSERT INTO "CreditCards" VALUES (9,'9d3de9e4ece25e599355633e96b332c59469c8367b8e908dfc8719da091d5dd6','02/11/2022 10:43:53','02/11/2027 10:43:53','2408',0);
INSERT INTO "CreditCards" VALUES (10,'f890148a65571662bd575ad9fe34b49ad302ba4604bee995f485878fa35e261f','02/11/2022 10:43:53','02/11/2027 10:43:53','8112',0);
INSERT INTO "CreditCards" VALUES (11,'1bad0f245d0975d73f83ae49b3e4ca7d16b98af19538fef59d9b209a503c331a','02/11/2022 10:43:53','02/11/2027 10:43:53','3884',0);
INSERT INTO "CreditCards" VALUES (12,'ee3f315b9cd085b8264ac68229cdeac63469b90a2363bc7d9d67350d3061b2c2','02/11/2022 10:43:53','02/11/2027 10:43:53','6764',0);
INSERT INTO "CreditCards" VALUES (13,'72306789fe0b75512728d6abe9183bb41846038a8ae3fd5765f57994db832488','02/11/2022 10:43:54','02/11/2027 10:43:54','2087',0);
INSERT INTO "CreditCards" VALUES (14,'9508596410d34a5683a48d81b2b3a0c2ff267452d6cfcbcfd384098e637304aa','02/11/2022 10:43:54','02/11/2027 10:43:54','6043',0);
INSERT INTO "CreditCards" VALUES (15,'0e308324a4eed278ee4b2b0227e32b53f289853fa12d7c998fff89a12b5f09ae','02/11/2022 10:43:54','02/11/2027 10:43:54','0071',0);
INSERT INTO "CreditCards" VALUES (16,'3134ec17238827fd72ef8e4cc1151086167f83322ee81c9c95b2d819368e5db3','02/11/2022 10:43:54','02/11/2027 10:43:54','1638',0);
INSERT INTO "CreditCards" VALUES (17,'6508ce32c645887c28bf89328aae25174522af6f397895d6917010cf991cd30e','02/11/2022 10:43:54','02/11/2027 10:43:54','1264',0);
INSERT INTO "CreditCards" VALUES (18,'d3801324d69d4fcfcac5f4ab8aa09bbbe27215c96e1ffad8222d8bd20a49e94f','02/11/2022 10:43:54','02/11/2027 10:43:54','3773',0);
INSERT INTO "CreditCards" VALUES (19,'c65a5290829ff9403c23a578b289c685641b5924e3428bcc87d25af30f031f81','02/11/2022 10:43:54','02/11/2027 10:43:54','7787',0);
INSERT INTO "CreditCards" VALUES (20,'146dfca755feebd10e2f1edd0b8700eb06c0569655d2d2c4194741c2d33a5165','02/11/2022 10:43:54','02/11/2027 10:43:54','8853',0);
INSERT INTO "CreditCards" VALUES (21,'5598b30f6b412b1ed35613e4bb4547df96ba887e058c53c29eb2d7cbc941cda9','02/11/2022 10:43:54','02/11/2027 10:43:54','5727',0);
INSERT INTO "CreditCards" VALUES (22,'038920ce1746d2a40906fba31b1e0b78f4821c3533e7356f3b3e547d0e10ae21','02/11/2022 10:43:55','02/11/2027 10:43:55','1438',0);
INSERT INTO "CreditCards" VALUES (23,'f5993179b404d633aa5a80a3df734e5cbef4caa04c60c498ef4b9a0e5dcbc0bb','02/11/2022 10:43:55','02/11/2027 10:43:55','7471',0);
INSERT INTO "CreditCards" VALUES (24,'0eee0117485aa445f57b45d0922eadcd3b66694a1ed9ce1a68d3211ea660235b','02/11/2022 10:43:55','02/11/2027 10:43:55','3356',0);
INSERT INTO "CreditCards" VALUES (25,'ea6e020338f46c1bdb3e68635ea7929b38e961335537002efcbfa7c6a519146f','02/11/2022 10:43:55','02/11/2027 10:43:55','1274',0);
INSERT INTO "CreditCards" VALUES (26,'7eaf7746206cd6bb242daf5fcde7df28d66c3efa28e2b2b8cf8dd3b7e066cb11','02/11/2022 10:43:55','02/11/2027 10:43:55','5227',0);
INSERT INTO "CreditCards" VALUES (27,'18b5fb1563495abe5120271ebd6604be6c9eee1d805fbea743837a1b23a70af6','02/11/2022 10:43:55','02/11/2027 10:43:55','5738',0);
INSERT INTO "CreditCards" VALUES (28,'5d2e5964bbb2e99c974d1e9b219839f409f95aa9eddbbdde53c70000a05b18a2','02/11/2022 10:43:55','02/11/2027 10:43:55','8615',0);
INSERT INTO "CreditCards" VALUES (29,'685a5aebfa3d36d9937b9229e1c7dcbcf1998589e30b1e536a84ce1a08d81563','02/11/2022 10:43:55','02/11/2027 10:43:55','5556',0);
INSERT INTO "CreditCards" VALUES (30,'9fa2abfcce5c8ebb6adfc4a98e658adc1ed69411c5afe0a34f39eae76b12ec2a','02/11/2022 10:43:55','02/11/2027 10:43:55','2560',0);
INSERT INTO "CreditCards" VALUES (31,'523f69af76db2c53443653a60010706fb45b09a9b195f3e88f0bcb7aa6af8ccc','02/11/2022 10:43:55','02/11/2027 10:43:55','7142',0);
INSERT INTO "CreditCards" VALUES (32,'03ce7b844d2c2bf6c1a17ff887691af474716ac9df8ac0cc5f15204704523128','02/11/2022 10:43:56','02/11/2027 10:43:56','3610',0);
INSERT INTO "CreditCards" VALUES (33,'be8043260f164d80144c48d4b64a3de66df5ebc84198c526bddeacb790824e5e','02/11/2022 10:43:56','02/11/2027 10:43:56','7333',0);
INSERT INTO "CreditCards" VALUES (34,'0586c7445a60f1cf60de90c99a436f6e7842b595b6f65c96ce75fc6e7715751c','02/11/2022 10:43:56','02/11/2027 10:43:56','8243',0);
INSERT INTO "CreditCards" VALUES (35,'af14aeaf8837893886357532f568adae22f22be7e04a71b5cadab567f8e6dbca','02/11/2022 10:43:56','02/11/2027 10:43:56','8710',0);
INSERT INTO "CreditCards" VALUES (36,'0eb2c2d7e354c9969a865cf9002c666340978bdf60de3a5ee8d0cd4c0b3fa24f','02/11/2022 10:43:56','02/11/2027 10:43:56','5031',0);
INSERT INTO "CreditCards" VALUES (37,'96b3c83807c9ae341ed8822fbc28f693441d79a7633c58db6fe153d0b8901a4a','02/11/2022 10:43:56','02/11/2027 10:43:56','4864',0);
INSERT INTO "CreditCards" VALUES (38,'560ec3f6cea8b12fae16a37de58df3ce9c2920b788ab477cc9a1c32f70b3ab66','02/11/2022 10:43:56','02/11/2027 10:43:56','5417',0);
INSERT INTO "CreditCards" VALUES (39,'2dd7305b71022afafeed9d61f45af3a39002ccfde60aa5802152e1d24cd18929','02/11/2022 10:43:56','02/11/2027 10:43:56','6078',0);
INSERT INTO "CreditCards" VALUES (40,'94245d439aec9fc63c39878184bf3bcf969551e9d90dab3d565f030b7080604c','02/11/2022 10:43:56','02/11/2027 10:43:56','1580',0);
INSERT INTO "CreditCards" VALUES (41,'7fb002d920f0cd0904f5ee7389c4333fa81c09a36fd62e769e1021d1c1715a96','02/11/2022 10:43:57','02/11/2027 10:43:57','3147',0);
INSERT INTO "CreditCards" VALUES (42,'2e3d072b0d8a361c4892a3d4b56814ee61fd6318aeff9456a99d772abf69f97d','02/11/2022 10:43:57','02/11/2027 10:43:57','4301',0);
INSERT INTO "CreditCards" VALUES (43,'0896bff6680041015cf63ffc8903005b150fe73e8b8bf313fda5798c0ce00dec','02/11/2022 10:43:57','02/11/2027 10:43:57','7631',0);
INSERT INTO "CreditCards" VALUES (44,'fec9951d0a114ff0d67c9b5eb41ae4ea528b4dbe5a6191c1a746638284227d4f','02/11/2022 10:43:57','02/11/2027 10:43:57','0830',0);
INSERT INTO "CreditCards" VALUES (45,'59eb0a3e31114fe2ef86824e34419437ffccbc8559e4da875366dcf6cb5148cc','02/11/2022 10:43:57','02/11/2027 10:43:57','2604',0);
INSERT INTO "CreditCards" VALUES (46,'854bcf12cc3a17b5bd77dfc6619cc51a141d820e5860436d6f0925c54ae7809a','02/11/2022 10:43:57','02/11/2027 10:43:57','4310',0);
INSERT INTO "CreditCards" VALUES (47,'24cba5ccf7c04018e00a54cb21cc7afc6c1d6fb3250551369e41182208fccd6a','02/11/2022 10:43:57','02/11/2027 10:43:57','0760',0);
INSERT INTO "CreditCards" VALUES (48,'3b8f8e031f1f3ff6507c3b8a39a7d5076e9de9a52511f71b1c589ad5e8968fa2','02/11/2022 10:43:57','02/11/2027 10:43:57','1241',0);
INSERT INTO "CreditCards" VALUES (49,'d8c9145f189b7ab4bb3164124e73e4fe689183b81168875cbaa85025bed2f22f','02/11/2022 10:43:57','02/11/2027 10:43:57','0233',0);
INSERT INTO "CreditCards" VALUES (50,'f1ea16b1cb5a575f190c51b8f18179a35f6b5ccc1547c05c41970d6557090d75','02/11/2022 10:43:57','02/11/2027 10:43:57','4603',0);
COMMIT;
